{"usingComponents":{"navigation":"../../../../components/navigation/navigation","nav":"../../../../components/navigation/nav","retreat":"../../../../components/pops/retreat/retreatPops","sign-other":"../pops/signOther","post-script":"../postscript/postscript","anonymous-self":"../../../../components/pops/anonymous/self","signOther-head":"../../../../components/pops/anonymous/other","groups-control":"../../groups/control/control","change-name":"../../groups/modify/changeName/changeName","batch-retreat":"./batchPop"},"disableScroll":true}