{"component":true,"usingComponents":{"activity-enlist":"./module/enlist","sign-other":"./pops/signOther","retreat":"../../../components/pops/retreat/retreatPops","acode":"../../../components/acode/acodePop","figures-pop":"./pops/figuresPop/figuresPop","post-script":"./postscript/postscript","title-pop":"./modify/titlePop","remark-pop":"./modify/remarkPop","pay-pop":"../../../components/pops/payfor/payfor","clubfee-pay":"../../../components/pops/payfor/clubfeepay","nav":"../../../components/navigation/nav","sub-race":"../subrace/races/races","total-rank":"../subrace/totalrank/totalrank","pay-visit":"../../../components/pops/payfor/payVisit","groups-control":"../groups/control/control","copy-mode":"./pops/copyMode/copyMode","group-select":"./pops/groupSelect/groupSelect"}}